Epoch,Train Loss,Eval Loss
1,2.3182630598784453,1.7089596911743805
2,1.6309553686394749,1.6595690250396729
3,1.6013885997385384,1.647342172535983
4,1.5708805011458187,1.6361882953377036
