Epoch,Train Loss,Eval Loss
1,5.210801012544747,4.89687032966347
