Epoch,Train Loss,Eval Loss
1,3.698771723529749,4.547838708249534
