Epoch,Train Loss,Eval Loss
1,4.199529593249402,4.8682371352936
2,3.9659941928932465,5.152944534808606
3,3.9308177668406783,4.866994671054654
